rna_label,source_name,junction_type,stem_a,junction_a,stem_b,junction_b,stem_c,junction_c
1,16S H20-H21-H22,Family_A,GGCGCU,G,GCCUGCAGGC,UA,GACGUG,A
1,16S H22-H23-H23a,Family_A,GGCAAAUGGCG,Z,GCCACCUGGUGAGGGGUGGU,Z,GGAAUGGAAC,GCCG
1,16S H34-H35-H38,Family_A,GUCGUCACGUC,A,GCUCGCGAGC,GCAAC,CCCCGGGG,ACG
1,23S H3-H4-H23,Family_A,AACGAAAGUAGUG,C,GCGC,Z,UCGGCUCGAGACCGA,UAGUGAACA
1,23S H5-H6-H7,Family_A,AUGGAGCCAU,U,UCCGGA,Z,CGUGCGU,AUAA
1,23S H48-Hx-H60,Family_A,GUCCGGUA,AU,GGCGGCAAAGCC,Z,AAGGCGCCU,AAU
1,23S H75-H76-H79,Family_A,UCGCUACCGA,Z,GAGCUC,Z,UCACUCGAGGA,C
1,23S H49-H59.1-Hx,Family_A,ACAGGCCGAC,U,GUCCGGAU,A,AGGCCG,AGAA
1,23S H99-H100-H101,Family_A,AGCACUAAGAUAGACU,CA,GAUC,Z,CCGCGUACGACGCGG,UC
2,16S H33-H33a-H33b,Family_B,CCCGUGAGGG,G,GGGUCCGAAAGUGGGCCC,A,AGGGAUCCC,Z
2,23S H83-H84-H85,Family_B,AUCUAAGAU,C,AGCCGGGCCCGGCG,AAGA,GUGAGC,AA
2,23S H33-H34-H35,Family_B,GGACGAUCU,Z,AAGAUAGUCUG,UU,AGAGCUCG,U
2,16S H28-H29-H43,Family_B,GUGAAUUAUAAU,A,CGUCCCGGGCCCGCACA,Z,GCGGUAUCGC,A
2,16S H32-H33-H34,Family_B,UUACCAGGCC,UUGA,CAUGCACA,Z,GGUGCUGCAUGGUCAGCAUGGCCC,UUAC
2,23S H49-H50-H51,Family_B,AGGCCG,GUU,CCUCAGCUGAGG,GUU,AGCCGGCCGU,A
3,16S H4-H5-H15,Family_C,GCAGUUAGCCUAAGACAUGC,GAAU,CUUCCGCAAUACGGAG,Z,CGACGCGCGUG,Z
3,23S H90-H91-H92,Family_C,GGGUCGAGUGCUGGAGG,AAAUU,AUCCGCUUGUUGGAG,U,GGGAACGCGUCC,UA
3,16S H30-H31-H32,Family_C,AGCGCAACGAAGCU,UAAUU,UGGUGUGCACACA,GCG,GGUACC,AUUCCAAGA
3,16S H35-H36-H37,Family_C,GCUCGUACGAGC,Z,GCCGUGAGGU,GUU,UGGGUUAAGUCCCG,CA
3,16S H38-H39-H44,Family_C,CCCCGGGG,G,CCGUUAACGG,GACU,GCCCGGGA,GGAAGGA
3,23S H2-H3-H24,Family_C,GUGGAUU,Z,GCGC,UGCAAAG,UACCCUGGGAG,GCGAAAUAGAGC
3,23S H18-H19-H20,Family_C,GCCCCAACAGUGGGA,CAUAGUG,CGAGACAAGGUUCUCUG,AAGA,GCAGCGCUCA,U
3,23S H32-H33-H35,Family_C,GACGUC,AUCU,ACGCAUGUGU,A,GGGGUGAAAGGCCCAUC,GA
3,5S rRNA,Family_C,CCCACCAGCGCGGUGGG,G,UUCCGGGCCCGGUU,C,GCCGCCAAGGCGGC,CAUA
3,L11 rRNA,Family_C,UCGAUAAUGCGA,C,ACUGGUGCCAGG,Z,AUGUAGGCUUAGAAGCAGCCAUCAU,UUAAAGAA
3,Hammerhead ribozyme,Family_C,AAGCAGGAGUGCCUGAGU,Z,ACAGCUGU,Z,CACCGGAUGUGCUUUCCGGUC,UGA
3,Twort intron,Family_C,AACAUAAUU,A,UAUAUA,GAA,GGCC,GUAAC
3,S Domain SRP,Family_C,CCCUCAAAACUGGACGAGGCAAAGGCUGGACCCGGCCAAGUGGGGAG,Z,GUGCUGCGGCAU,Z,CAAUAUGGUGACCUCCCGGGAGCGGGGGACCACCAGGUUG,CCUAAG
3,Alu SRP,Family_C,AGGGCUCAUCGACCCU,Z,GGCUCGGGCC,Z,GGGCGCGGUGGCGCGCGCCU,GUAG
3,G-Riboswitch,Family_C,GCCUGUAAAUGCCACGGGC,AC,UAUGUCCGGACAUA,UAA,UCGCGUGGAUAUGGCACGCAA,GUUUCUAC
3,P4P6,Family_C,GUACCGGUAAUAAGC,Z,AAGUCGAUGG,Z,CCUACGUAAGG,GUAU
3,RNase P B-Type,Family_C,GGUAAACGUGCC,Z,CCCUAGGG,C,AGGAUCCU,UGAAA